scenario,run,train_success_rate,eval_success_rate,eval_avg_steps,eval_avg_reward,final_exploration,memory_size,avg_loss,duration_minutes
static,1,74.2,100.0,8.07,2.93,0.1,3000,2.2473612888902426,0.5678660631179809
random_start,1,82.69999999999999,100.0,4.24,6.76,0.1,3000,2.5384354889392853,0.3346274654070536
random_goal,1,35.5,48.0,9.96,-9.88,0.1,3000,14.140406798124314,0.5497309565544128
random_obstacles,1,22.0,27.0,4.81,-9.14,0.1,3000,14.15612006187439,0.39373162190119426
container,1,1.7000000000000002,0.0,4.36,-13.72,0.1,3000,3.4702736796438693,0.47903292179107665
