scenario,run,train_success_rate,eval_success_rate,eval_avg_steps,eval_avg_reward,final_exploration,memory_size,avg_loss,duration_minutes
static,1,74.8,100.0,8.0,3.0,0.1,3000,2.187546117603779,0.18742702007293702
random_start,1,73.8,100.0,4.22,6.78,0.1,2025,9.58233386039734,0.0853328267733256
random_goal,1,28.599999999999998,32.0,8.51,-11.79,0.1,3000,15.98256473660469,0.14353081782658894
random_obstacles,1,25.2,37.0,5.19,-7.42,0.1,2627,13.198337390422822,0.10447274049123129
container,1,2.1999999999999997,2.0,7.13,-15.09,0.1,3000,5.585115771293641,0.14321011304855347
