scenario,run,train_success_rate,eval_success_rate,eval_avg_steps,eval_avg_reward,final_exploration,memory_size,avg_loss,duration_minutes
static,1,62.6,98.0,8.49,2.09,0.1,3000,2.672228592634201,0.3799477537473043
random_start,1,74.6,100.0,4.24,6.76,0.1,2115,10.141471893787385,0.18072555462519327
random_goal,1,28.799999999999997,42.0,9.22,-10.4,0.1,3000,15.159329389929772,0.2839208523432414
random_obstacles,1,14.399999999999999,31.0,4.91,-8.4,0.1,2655,7.714416790008545,0.27205952803293865
container,1,1.4000000000000001,2.0,6.22,-14.74,0.1,2876,3.645224657356739,0.28197919130325316
