scenario,run,train_success_rate,eval_success_rate,eval_avg_steps,eval_avg_reward,final_exploration,memory_size,avg_loss,duration_minutes
static,1,0.8999999999999999,0.0,3.22,-13.22,0.01,3000,1.9790772499144078,0.2854907790819804
random_start,1,78.3,100.0,4.29,6.71,0.01,3000,2.823970000743866,0.30238709847132367
random_goal,1,32.5,59.0,10.19,-7.8,0.01,3000,15.07093910217285,0.5928122440973917
random_obstacles,1,22.0,32.0,5.14,-8.42,0.01,3000,12.244182875156403,0.36238853534062704
container,1,2.9000000000000004,0.0,6.07,-15.03,0.01,3000,7.785928927063942,0.6415955742200216
