scenario,run,train_success_rate,eval_success_rate,eval_avg_steps,eval_avg_reward,final_exploration,memory_size,avg_loss,duration_minutes
static,1,17.8,78.0,6.87,-0.49,0.08157186144027828,2930,4.302427034378052,0.1391915520032247
random_start,1,60.0,100.0,4.26,6.74,0.08157186144027828,2184,13.62773738861084,0.0873739202817281
random_goal,1,20.599999999999998,36.0,8.11,-10.55,0.08157186144027828,3000,13.206145478487015,0.1305013656616211
random_obstacles,1,9.4,35.0,5.37,-8.02,0.08157186144027828,2775,6.526812509298325,0.1106623371442159
container,1,4.8,9.0,11.4,-15.18,0.08157186144027828,3000,9.334146590828896,0.17116713126500446
