scenario,run,train_success_rate,eval_success_rate,eval_avg_steps,eval_avg_reward,final_exploration,memory_size,avg_loss,duration_minutes
static,1,1.4000000000000001,0.0,4.77,-14.77,0.08157186144027828,2618,1.3395593830943107,0.1632012406984965
random_start,1,58.599999999999994,98.0,4.31,6.27,0.08157186144027828,2142,12.595926289558411,0.19525952339172364
random_goal,1,23.799999999999997,35.0,7.86,-10.51,0.08157186144027828,3000,14.213620297908783,0.31373666127522787
random_obstacles,1,11.4,36.0,5.35,-7.79,0.08157186144027828,2951,6.405890060663223,0.2909358779589335
container,1,2.8000000000000003,5.0,8.97,-15.15,0.08157186144027828,3000,8.275543081462382,0.340788733959198
